club_name,club_description,page_url
Student Government Association's Student Legislative Assembly,"Lehman College Student Conference has been established to promote the interests of the students while upholding the Lehman College Mission of being an ‚Äúintellectual, economic, and cultural center.‚Äù We, the Lehman College Student Conference, affirm that by providing an essential agency and promoting and cultivating the needs of Lehman College students, the mission of beingan ‚Äúintellectual, economic, and cultural center,‚Äù can be realized. The Lehman College Student Conference shall provide accountability for school policy in the best interest of all students. The Lehman College Student Conference shall advocate the interests of the students assiduously to Administration and Faculty in prior, present and future College policies. The Lehman College Student Conference shall work to coalesce the Lehman College student body in order to safeguard the interests and resources of students. We, the Lehman College Student Conference, to endorse the highest integrity of ethical standards in order to promote the student life and academic standards of Lehman College, do hereby adopt these bylaws.",https://lehman.campuslabs.com/engage/organization/sla
Lehman Athletics,"The mission statement of Lehman College intercollegiate athletics program is to integrate academic and athletic experiences successfully into the student-athlete‚Äôs college career.Lehman College is committed to offering a broad program in intercollegiate athletics, with ample opportunity provided for meaningful and successful contributions by men and women of diverse backgrounds, culture and experiences.Our Department conducts all of its NCAA varsity sports offerings in ways that promote sportsmanship, student-athlete success, and a comprehensive commitment to academic excellence, diversity, and equitable opportunity for all of its student-athletes.",https://lehman.campuslabs.com/engage/organization/lehman-athletics
Health Services Administration Organization,"The purpose of Health Service Administration Club is to promote healthcare-related activities and events, advance members‚Äô knowledge, and experience in different aspects of healthcare, create awareness of healthcare programs within the Lehman College community, and foster collaboration, community engagement, and networking opportunities among Lehman College, CUNY, alumni, the Bronx community, and other New York City areas. The goal of the club will be to expand on innovative ideas and opportunities that focus on health care disparities, health equity, and provide strategic leadership in the advancement of the healthcare, especially among minoritized and underserved populations.",https://lehman.campuslabs.com/engage/organization/hsa
Lehman Kpop Club,"This club is meant to create a sense of community and fandom at Lehman. Our goal is to bring together students with the same music taste, create activities that range from dance practices to engaging events that will help us get to know one another.",https://lehman.campuslabs.com/engage/organization/lkc
The Unity Initiative,"The Unity Initiative will represent the interests of countless students who want to get started in philanthropy and helping their own neighborhoods grow. In doing so, The Unity Initiative will strive to positively contribute to the Lehman College community
 by adding another dimension of leadership training, supporting community-building initiatives, and educating students about how philanthropic works can positively impact their lives.",https://lehman.campuslabs.com/engage/organization/unityinitiative
Student Elections Review Committee,"CUNY BYLAWS 15.2.d""Each college shall establish a student elections review committee in consultation with the various student governments. The student elections review committee shall approve the election procedures and certify the results of elections for student governments, and student body referenda.""The Lehman College SERC is composed of 2 students and 3 staff/faculty, all appointed by the Lehman College president.The current members SPRING 2025 are:- Justin Jackson, student- Nishat Anika, student- Bascillia Toussaint, Director, Career Exploration and Development Center- Rebecca Arzola, Lecturer andGovernment Information-Student Engagement Librarian- David Charcape, Assistant Director, Office of Campus Life",https://lehman.campuslabs.com/engage/organization/serc
Women in Islam,"This organization is created to encourage and empower women and to bond with women on campus. To create an environment of women supporting women, building a sisterhood. Everyone's welcome to join our club :)Join our whats app gc and follow us on Instagram for more updatesGroup link: https://chat.whatsapp.com/COlw2BKAWJB1UVRX2oHV5eOfficial Instagram: https://instagram.com/lehmanwii?igshid=YmMyMTA2M2Y=",https://lehman.campuslabs.com/engage/organization/muslimwomeninleadership
Students Uplifting Ancestral Spaces,"Mission Statment:The primary goal of the Van Cortlandt African Burial Ground Project is to raise awareness and provide a place to show respect for the spirits of our ancestors and to promote the dedication of the enslaved people through research,
 service projects, and community forums.We recognize education as the first pillar of liberation. The involvement of scholars and academicians as guest speakers would allow for an accurate, comprehensive historical recount of the lives of enslaved Africans in the
 seventeenth century. With this knowledge being accessible to community members We will be able to reclaim our history.We place emphasis on community activism, engagement, and healing. Community forums will be held to give space to community members to express their grief and love for Our Ancestors. Whether it manifests in rage or sorrow, poetry
 or song, We welcome heaviness. We stress the importance of grieving in whichever way comes naturally, seeing as grief is proof of ongoing love.Historically, in spite of and because of the trauma of enslavement, the arts have always been a place of salvation for the Black community. From work songs to poetry, Black people are natural artists. This is why We welcome
 all Black creatives of different ages and experiences. Through Open Mic nights We want to highlight Black creativity as a tether from Us to Our Ancestors.Lastly, spirituality cannot and will not be divorced from this committee. Our invitation to the community extends to spiritual leaders versed in Afro-centric grieving practices such as pouring libations and‚Ä¶ ¬† We employ these
 pillars (education, community engagement, creativity, and spirituality) separately and simultaneously because we expect to find healing in our grief and grief in our healing. We do this for Our Ancestors.Vision:To curate a shared space where We, the descendents, uplift Our enslaved African Ancestors‚Äô burial grounds located in Van Cortlandt Park. In restoration, we engage in communal grieving and celebration, confront the systematic
 erasure of Our Ancestors‚Äô humanity and roles in the origins of the park, and reforge the frayed ties between generations that were and continue to be separated by American chattel slavery.",https://lehman.campuslabs.com/engage/organization/suasbx
Psychology Club,"The Psychology Club is a student guided club whose purpose is to provide services for students who are interested in majoring in psychology, gain knowledge, and help students network among themselves and in the community.",https://lehman.campuslabs.com/engage/organization/prepsychology
Afro DC,"The purpose of Afro D C is to spread the African culture, connect people to their roots and unite people of diverse cultural backgrounds through African dance.¬†Afro D C focuses on different African styles genres like Amapiano,
 Afrobeats, West African Drums and so much more. We are proud to say that this club requires NO auditions and NO experience to join.",https://lehman.campuslabs.com/engage/organization/afro-danceclub
Lehman College's Veterans Club,"TheLehman College Veterans Clubis a welcoming community open to all Lehman students who are Veterans, Service Members, Dependents, andSupporters.As a cornerstone of support, knowledge, and representation, we uphold the values of asoldier, student, and citizen‚Äîhonor, dedication, and continuous growth. Our mission is to foster camaraderie among student veterans while enriching the college experience throughcultural, social, and educational initiatives.We host dynamic events, collaborative opportunities, and meaningful engagements that connect student veterans with each other and the broader campus community. Whether you‚Äôre looking fornetworking, mentorship, advocacy, or simply a place to belong, the Veterans Club is here to ensure that your time at Lehman is both rewarding and impactful.Join us‚Äîtogether, we lead, learn, and serve.",https://lehman.campuslabs.com/engage/organization/lcvc
Lehman Girls Who Code College Loop,"Girls Who Codeembarks on a transformative endeavor to redefine the realm of programming and challenge conventional perceptions of programmers.Our unwavering commitment lies in bridging the gender gap within the technology sector and opening doors for women to venture into groundbreaking opportunities in the world of tech.We aspire to unite women, empowering them to navigate their collegiate paths in computer science with unwavering support.Our ultimate vision encompasses fostering an inclusive and nurturing environment that wholeheartedly inspires women to pursue fulfilling careers in computer science, equipping them with invaluable technical expertise and marketable skills to become the trailblazing female engineers of tomorrow.**To become a full member**:* Sign up for our Club Central* Sign up for our GWC HQ:https://hq.girlswhocode.com/login>>Steps to apply to HQ:** if you have not created an account **1) Create an account2) Use Code:CL56629>>To Keep In Touch With Us:>Join our discord: https://discord.gg/VYajdEZkK>Follow our Instagram:¬†https://www.instagram.com/girlswhocode.lc/Any Questions Please Reach Out To Us@girlswhocodelc@gmail.com",https://lehman.campuslabs.com/engage/organization/girlswhocodelc
Blueprint to Success (Cohort 3),No Description Found,https://lehman.campuslabs.com/engage/organization/bts3
Counseling Center,"The mission of the Counseling Center is to assist students with emotional, developmental, and psychological concerns that may be affecting their personal and academic growth. Our goal is to assist students in coping with the challenges of college and life in a productive, healthy manner. Students have access to free, confidential individual and group therapy.For more information and additional events click here:@lehman_counseling | Linktree",https://lehman.campuslabs.com/engage/organization/counselingcenter
CUNY EDGE Program,"CUNY EDGE provides students with a range of services, benefits, and supports so that they succeed in college and in their careers.CUNY EDGE envisions a world in which all people have access to the educational opportunities and support they need to realize academic success, a sustainable career, and a brighter future.CUNY EDGE‚Äôs mission is to help CUNY students who are receiving public assistance achieve academic excellence, graduate on time, and find employment.",https://lehman.campuslabs.com/engage/organization/cuny-edge
Minorities in Sports Business Club (MISnext) ,"MiS Purpose:(A) To establish a strong union among minority students pursuing careers in the sports industry at the College of lehman for the purpose of receiving guidance from both MiS Next and its professional members in MiS.(B) To promote academic excellence at the College of Lehman.(C) To meet for the purpose of exchanging sports business-related ideas and information through workshops, symposiums and lectures.(D) To inform members of national and digital MiS Next events including workshops, conferences, webinars, group chats and conventions, and assist members with short and long-range career planning.(E) To promote Association‚Äôs sports industry-related internships, jobs, scholarships, grants and awards to Chapter members.(F) To honor excellence and outstanding achievements in the sports industry by members and chapter alumni.",https://lehman.campuslabs.com/engage/organization/misnext
The Lehman Modeling Club,"The Lehman Modeling Club is a community that encourages all enrolled students of Herbert H. Lehman College to express themselves creatively through photography and fashion.The club provides opportunities for students who are interested and/or have a passion for modeling, photography and fashion or any area of the arts, regardless of height, size, race, religion, complexion, gender, sexual orientation or sense of style.",https://lehman.campuslabs.com/engage/organization/lehmanmodelingclub
The Meridian,"General InformationThe Meridian, the student voice of Lehman College, derives its name from Meridian, Mississippi, the town that served as a base for many of the Freedom Riders of 1964. It was the departure point for volunteers James Chaney, Andrew Goodman, and Michael Schwerner, who traveled to Philadelphia, Mississippi to investigate a church bombing. There they were killed by local law enforcement and the Ku Klux Klan, and thus they became martyrs in the struggle for equality.Serving Lehman College since 1964,The Meridianis the students‚Äô and faculty‚Äôs primary source of collegiate news. Every month we provide readers with hard-hitting news stories and passionate arts, theater, dance, music and book reviews.",https://lehman.campuslabs.com/engage/organization/themeridian
Pre-Nursing Club,"The Pre-Nursing Club aims to help future nursing students prepare for their major and stay on the right track when applying to the Nursing program and after getting into the program.Join ourWhatsApp Group ChatJoin ourInstagram PageOur club is here to support all students, especially Pre-Nursing Students. For students like you who want to know more about the Nursing Program, the best people to speak to are the following Pre-Nursing Advisors and Nursing Admissions Department:1. Tishana Daniel - Pre-Nursing/Nursing Academic Advisortishana.daniel@lehman.cuny.edu2. Donna Covington-Hargrove - Pre-Nursing Academic Advisordonna@lehman.cuny.edu3. Sky Castillo - Nursing Admissions Specialistyaskairy.castillo@lehman.cuny.edu4. Masuda Tanny - Nursing Admissions Coordinatormasuda.tanny@lehman.cuny.eduVisit theLehman College- Department of Nursingwebsite.",https://lehman.campuslabs.com/engage/organization/prenursingclub
Cuny Skates ,"CUNY Skates is a social and active club dedicated to brining students into the skate park and building community, regardless of experience level. Whether you‚Äôre new to skating or highly skilled, this club offers a space to connect, discuss experiences, and learn from one another. Through peer-led guidance, members will have the opportunity to develop fundamental skateboarding skills, understand essential safety practices, and gain hands-on experience in assembling and maintaining their own boards. Our goal is to empower skaters of all styles and backgrounds with the confidence and knowledge to ride safely and independently.",https://lehman.campuslabs.com/engage/organization/cunyskates
Lehman Art Society ,No Description Found,https://lehman.campuslabs.com/engage/organization/lehmanartsociety
Society for Human Resource Management Lehman College Student Chapter,"This organization has been created to¬†inspire the growth, knowledge, and continuation of our respective careers in Human Resources Management through collective knowledge, respect and mutual support among chapter members and through our affiliation with national, sponsoring and other student chapters.To achieve these objectives, there shall be no discrimination in individual membership or chapter affiliations because of race, religion, sex, age, sexual orientation or national origin.",https://lehman.campuslabs.com/engage/organization/lcshrm
"Earth, Environmental, & Geospatial Science Club","Welcome to the Earth / EEGS Club! ìçäìãºìÜèìãºìçäOpen to anyone interested in growing a community of stewards at Lehman College. We hope to host events like talks on technical applications, field trips, volunteering with community partners, gardening, movies-- anything under the sun! Being one of the smaller STEM departments, we hope creating this club will not only help develop a sense of community amongst EEGS students, but to also catch the eye of those in adjacent majors! <3If you are interested in joining the email list/student chat, and/or telling us your thoughts, please fill out our intake formhere!¬†<3",https://lehman.campuslabs.com/engage/organization/eegsclub
Bangladeshi Student Association,The Bangladeshi Student Association will serve as a student organization to spread Bangladeshi Culture to both Lehman College and CUNY students. We promote Bangladeshi Culture through several events that range from lively social events to enlightening cultural shows. BSA will heavily rely on the Lehman College Student Government to help spread Bangladeshi cultural awareness. We will also actively encourage students of all ethnicities to help us achieve and promote a wider understanding of Bangladeshi Culture. We will also have networking events from time to time.,https://lehman.campuslabs.com/engage/organization/bsa
Spoken Word & Speech Language Pathology,"A platform inclusive for individuals with communication disorders, anxiety disorders and those who struggle speaking publicly, to share expressively through spoken word and creative writing, using insights of SLP to influence our approach.",https://lehman.campuslabs.com/engage/organization/swslp
CREAR Futuros,"CREAR (College REadiness, Achievement and Retention) Futurosis a peer-mentor program that recruits qualified Latinx students in participating educational institutions to mentor, guide, and support younger students, or mentees. Mentors assist mentees regarding tutoring, financial aid, and resources available to them including, services offered by Hispanic Federation‚Äôs community-based member organizations.The goal of the program is to:1) Provide a mechanism of support to Latinx students that ensures better academic outcomes, including greater rates of degree completion.2) Promote leadership while providing financial support to qualified, selected and contracted Latinx student leaders to serve as mentors.CREAR Futurosis focused specifically on actions that support college access, retention, and graduation rates for Latinx students in New York City, Florida, Connecticut, North Carolina, Illinois and California.CREAR Futurosfocuses on Latinx students, yet activities are open to all eligible students regardless of race or national origin.",https://lehman.campuslabs.com/engage/organization/crear-futuros
Urban Male Leadership Program,"The Urban Male Leadership Program (UMLP) is focused on the recruitment, retention, academic success and graduation of students, especially underrepresented Black and Latino males in higher education. The UMLP fulfills its mission to support high achievement through monthly academic intervention and success workshops and leadership development trainings. Furthermore, each interested UMLP student, is presented with an opportunity to participate in the Circle of Support Mentorship program. As a Circle of Support participant, UMLP Students are paired with another student, staff member, faculty member or senior administrator, in¬†order to further assist in their academic and social development at Lehman College.",https://lehman.campuslabs.com/engage/organization/urbanmaleleadershipprogram
CUNY Coalition for Students with Disabilities ,"In accordance with the Lehman mission statement that the college shall ‚Äúserves the Bronx and surrounding region as an intellectual, economic, and cultural center. Lehman College provides undergraduate and graduate studies in the liberal arts and sciences and professional education within a dynamic research environment, while embracing diversity and actively engaging students in their academic, personal, and professional development,‚Äù the purpose of this club shall be:Section 1: To promote the dignity and independence of all Lehman students with disabilities, whether or not they have registered with the disability services office.Section 2: To serve as a representative organization for all Lehman students with disabilities and our allies.Section 3: To advocate for (and on behalf of) all Lehman students with disabilities.Section 4: To provide a venue for inter-departmental and inter-organizational collaboration to address social and accessibility concerns for all Lehman students with disabilities.Section 5: To serve as a forum on campus for the expression and exchange of ideas, opinions, and aspirations of Lehman students with disabilities and our allies.Section 6: To strengthen the disability community of the Bronx.We acknowledge that this club draws its mission, policies, and procedures from the University-wide CUNY Coalition of Students with Disabilities and adapts them in accordance with the mission, policies, and procedures of Lehman College. We also acknowledge that while there will be regular collaboration with the University-wide CCSD, CCSD @ Lehman will ultimately operate as an independent club and will have the freedom to tailor its practices to meet the needs of its students and honor the rules and regulations governing Lehman.",https://lehman.campuslabs.com/engage/organization/ccsd-at-lehman
The Archimedes Club,"Our club is named after the legendary ancient mathematician Archimedes, known for his groundbreaking discoveries and contributions to the world of mathematics. In the spirit of Archimedes, we aim to explore the limitless possibilities of math and share our enthusiasm with the entire college community.What We Do:Math Enthusiasts Unite:Archimedes Club is an inclusive space for students of all skill levels. Whether you're a calculus champion or just starting to grasp algebra, you'll find engaging activities and a supportive community here.Access to Workshops:Join us for interactive and informative workshops that cover a wide range of mathematical topics. From geometry to probability, we'll help you strengthen your math skills and tackle challenging problems.Math Challenges:Put your mathematical prowess to the test in our fun and friendly math competitions. Win prizes and bragging rights while sharpening your problem-solving abilities.Guest Speakers:We regularly invite guest speakers from various fields that use mathematics, such as cryptography, computer science, and finance. You'll gain insights into real-world applications of math and potential career paths.Math Outreach:At Archimedes Club, we believe in giving back to the community. Join us in organizing math-related events for local schools and community centers, inspiring the next generation of math enthusiasts.Math Socials:Beyond the numbers, we're a close-knit group of individuals who enjoy each other's company. Join us for math-themed movie nights, game nights, and other social events.Math Resources:Gain access to a treasure trove of math resources, including books, online courses, and study groups. We're here to help you excel in your math studies.Join the Archimedes Club and embark on a journey to discover the magic of mathematics. Whether you're pursuing a math-related degree or simply want to appreciate the elegance of mathematical concepts, our club offers a welcoming and intellectually stimulating environment. Come geek out with us and let your inner math genius shine!",https://lehman.campuslabs.com/engage/organization/tac
Lehman Ping-Pong Club,No Description Found,https://lehman.campuslabs.com/engage/organization/lehmanpingpongclub
Voices of Impact,"The purpose of the Club is to:1. Provide a safe, inclusive, and supportive environment for students at Lehman College without fear of being judged.2. Address challenges such as lack of employment opportunities, social discrimination, and housing insecurity through targeted resources and programming.3. Empower students to achieve their academic and career goals by curating opportunities such as internships and externships accessible to them.4. Host guest speakers with relevant experiences to inspire and educate members.5. Foster a community that promotes understanding, advocacy, and resilience.",https://lehman.campuslabs.com/engage/organization/vip-club
Lehman Flag Football Club ,"The Lehman College Flag Football Club is a dynamic and inclusive student organization dedicated to promoting the sport of flag football among both boys and girls at Lehman College. Our club provides an opportunity for students to engage in friendly competition, develop athletic skills, and engage in community amongst one another.Mission:Our mission is to create an enjoyable and supportive environment where students of all skill levels can participate in Flag Football. We aim to encourage physical fitness, sportsmanship, and support on all levels while offering a fun and competitive activity. This is a great opportunity to promote healthy lifestyles, and create lasting friendships, and also for growth within our own skills.ActivitiesWeekly Practices: To improve skills, build teamwork, and for scrimmages . Practices is open to players of all levels, from beginners to experienced athletes.Social Gatherings: Plan social events and team-building activities to strengthen relationships among members and create a sense of belonging within the club.Membership:Goals:- ¬†Active participation and engagement amongst the ¬†students.- To build a strong, supportive team environment that values sportsmanship, morals, and mutual respect.- To enhance the physical fitness and athletic skills of our members through structured practices and competitive plays.- To serve the Lehman Student Community through this ¬†sport.",https://lehman.campuslabs.com/engage/organization/lehman_flagfootball
Lightning Central: Student-led Multimedia Organization,"Lightning Central, the Lehman College Radio Station, is an organization that represents Lehman College, and more importantly its students. We host events, and create podcasts, and content for everyone on campus!",https://lehman.campuslabs.com/engage/organization/lcradio
Office of International Programs & Community Engagement,"The Office of International Programs & Community Engagement is dedicated to supporting the holistic development of all students as global citizens by providing opportunities for local, national and international engagement and service-learning that ensure U.S. compliance for international students and scholars, as well as domestic students interested in studying or engaging in service-learning abroad.",https://lehman.campuslabs.com/engage/organization/ipce
Child Care Center,"Mission StatementThe Lehman College Student Child Care Center is committed to providing the children and families of the College's student body with the highest quality early child care programs and support possible.PhilosophyThe Child Care Center's philosophy is to provide an environment where a child‚Äôs growth is supported and stimulated in all areas of development. Our program is rich with experiences in art, music, movement, science, language arts, and math, with plenty of room for nurturing individual interests. The teachers feel it‚Äôs important for the children to build their understandings through their own individual experiences, thus enabling them to think for themselves and question thoughtfully. In this way, the children know they are competent to learn, to grow, and to trust themselves as well as others.EligibilityYour child‚Äôs eligibility for the Child Care Center is contingent upon your status as a currently enrolled, matriculated Lehman College student. If at any time you should stop attending classes, your child would no longer be eligible to attend the Center.Child Care services are available ONLY for class-related times and activities on campus.The Center cannot make provisions for times that parents are off campus working or involved in non-class activities.",https://lehman.campuslabs.com/engage/organization/childcarecenter
New Student Orientation,Supporting the student in their transition to their college career and providing the student with the best possible foundation for their college experience,https://lehman.campuslabs.com/engage/organization/studentorientation
"Lehman College Tutoring Center (LTC): Humanities, Social Sciences, and Writing Tutoring","The Lehman College Tutoring Center (LTC) offers workshops and tutoring for undergraduate and graduate students seeking to improve their skills in writing, social sciences, and humanities subject areas. We can provide weekly or one-time individual appointments with a tutor, and we also offer walk-in tutoring in writing and for social sciences and humanities courses. Drop-in tutoring hours vary by semester and are available on a first-come, first-served basis. The Center also offers academic coaching. Academic coaches focus on helping the student with study skills applicable to a variety of subjects and strategies that allow the student to be successful in college, in their workplace, and in life in general¬† Some of the areas of focus during coaching sessions are time management, goal setting, study strategies, test preparation strategies, test-taking strategies, motivation, organization, planning, note-taking, reading strategies, critical thinking, and campus resources.",https://lehman.campuslabs.com/engage/organization/lehmantutoringcenter
Student Government Association's Executive Board,"The Student Government Association (SGA) of Lehman College is a bilateral government composed of officers who are elected by Lehman students. The officers govern the SGA Executive Board and the Legislative Assembly, and their responsibilities include influencing school policy, representing the student voice, helping to facilitate student/faculty relations, and overseeing student clubs/activities.The Lehman Student Government strives to support and empower students - both inside and outside of Lehman College - whether it is their academic life or work life. It also aims to provide a fun and memorable collegiate experience by holding events all around campus, ranging from educational events to fun events.",https://lehman.campuslabs.com/engage/organization/sga
School Of Business At Lehman College ,"The School of Business, with three departments (Accounting, Management and Business Innovation, and Finance, Information Systems, and Economics), launched July 1, 2022, followed by an official opening ceremony on September 15, 2022.Lehman College School of Business is committed to educating students in business competencies through innovative and experiential learning-based programs. It provides high-quality transformative education in partnerships with businesses in the Bronx, the rest of New York City, and beyond, to a diverse group of students, shaping them to become successful, ethical and socially responsible leaders, professionals and entrepreneurs.",https://lehman.campuslabs.com/engage/organization/schoolofbusinessatlehmancollege
First Love Lehman College,We discuss relevant topics pertaining to life and spirituality. The goal is to grow closer to each other and God to foster a family of believers. Food and refreshments will also be available at our meetings.,https://lehman.campuslabs.com/engage/organization/firstlove
Anime Club and Storytelling Club,No Description Found,https://lehman.campuslabs.com/engage/organization/anime-club
Lehman Audio Club,Meet with us at the Carman Hall Multimedia Center C42G every Tuesday from 4:30 to 5:30,https://lehman.campuslabs.com/engage/organization/lehmanaudioclub
Project Sunshine - Lehman College,"Hello everyone! Welcome to Project Sunshine. To know more about our mission, please copy and paste the YouTube link below! Below the link are our steps for the onboarding process. Please reach out to me if you have any questions. Thank you for being interested in our chapter!A video about our mission: https://youtu.be/Dt7CT7aiPxIOur onboarding process steps:*TelePlay is virtual volunteering; Here To Play is in-person volunteering*Complete theCUNY Lehman Project Sunshine Chapter Application.Complete steps 1 and 2 in theOnboarding Portal.Emailvolunteer@projectsunshine.orgto sign up for a Here to Play training, if proceeding to volunteer in a facility; upcoming sessions are listed in ‚Äòstep 3‚Äô of the onboarding portal.If you have any questions regarding volunteering or the organization as a whole, please reach out to lpierce@projectsunshine.org! If you have any question regarding the Lehman Chapter specifically, please reach out to me at diana.cabral@lc.cuny.edu. Thank you again and have an awesome day!",https://lehman.campuslabs.com/engage/organization/projectsunshinelc
Aporia- The Philosophy Club,No Description Found,https://lehman.campuslabs.com/engage/organization/loveofwisdom-philosophyclub
The BoxingKaraoke Club,"BoxingKaraoke is a unique club that blends boxing and kickboxing training with public speaking and karaoke, offering a fun, interactive experience. Our goal is to help students build self-confidence, enhance communication skills, and foster a supportive
 community where they can express themselves both physically and verbally.By combining the discipline of martial arts with the power of self-expression, the Boxing Karaoke Club creates an empowering and inclusive space for personal growth. In this club, we‚Äôll focus on learning boxing, kickboxing, Muay Thai, and mixed martial arts
 self-defense techniques.In addition to martial arts training, we‚Äôll also enjoy lively karaoke sessions, self improvement discussions and may even incorporate dance or Zumba classes. It‚Äôs all about having fun while growing academically, physically, and personally!",https://lehman.campuslabs.com/engage/organization/boxingkaraoke
Welcome Week Organization,No Description Found,https://lehman.campuslabs.com/engage/organization/welcomeweek
Office of Campus Life,"The Campus Life staff assists student government and clubs in planning, budgeting, and implementing special programs. The staff also manages the daily operations of the Student Life Building. In consultation with the College community, the Office of Campus Life sponsors leadership training retreats, sexual harassment education seminars, and new student orientation programs, as well as thematic activities, such as Black History Month. The Office also collaborates with local and national nonprofit agencies and organizations to provide community service on and off-campus.Location: Student Life Building 219Phone: 718-960-8535Fax: 718-960-7848",https://lehman.campuslabs.com/engage/organization/officeofcampuslife
Student Disabilities Center,"The mission of the Office of Student Disability Services (SDS) is to offer students with disabilities equal access to all Lehman programs and activities in a climate that is welcoming and conducive to individual growth. Our philosophy promotes independence, self-awareness, self-determination, and self-advocacy, by way of the following objectives:To provide appropriate, reasonable accommodations and support services to students with disabilities.To provide resources, advocacy, collaborative services, and outreach throughout the Lehman College community.To promote an open and hospitable environment campus-wide for students with disabilities.To educate staff, faculty, and students on disability issues.To provide sensitivity workshops to increase success and achievement among students with disabilities.In support of this mission, the SDS also provides referrals to both on-campus offices and outside agencies. On-campus offices include, but are not limited to,Academic Standards and EvaluationCareer Services CenterCounseling CenterStudent Health CenterOutside agencies include, but are not limited to, the New York State Commission for the Blind (NYSCB), the CUNY Learning Disability (LD) Project at City College, Adult Career and Continuing Education Services-Vocational Rehabilitation (ACCES-VR, formerly known as VESID) the International Center for the Disabled (ICD), and the New York State Readers Aid Program (NYSRAP).",https://lehman.campuslabs.com/engage/organization/studentdisabilitiescenter
National Association of Black Accountants Lehman Student Chapter,"The NABA Lehman College Student Chapter is dedicated to supporting and empowering students across all disciplines at Lehman College who are interested in accounting, finance, and business. As an affiliate of the National Association of Black Accountants (NABA), we are committed to fostering a diverse and inclusive environment where every student can thrive.Our chapter provides a range of opportunities including professional development workshops, networking events, guest speaker sessions, and community service projects. We strive to equip members with the skills and connections necessary to excel in their careers while promoting values of integrity, excellence, and leadership.At NABA Lehman College, we welcome all Lehman students, regardless of their major or background, who are passionate about advancing their knowledge and career prospects in the fields of accounting and finance. Join us to connect with a supportive community, enhance your professional skills, and make a meaningful impact in your field.",https://lehman.campuslabs.com/engage/organization/nabalehman
RUF Lehman,"RUF Lehman is a place where every student can feel seen, heard, understood, and can experience the love of Jesus.",https://lehman.campuslabs.com/engage/organization/ruf-lehman
CaribbeanUnity ,"CaribUnity ‚Äì the club at Lehman College celebrating Caribbean Unity! Whether you're from the Caribbean or just curious about Caribbean culture, CaribUny is the club for you. Our club is a friendly space where students of all backgrounds can come together to share and explore the diverse Caribbean heritage. From tasty food to awesome beats, CaribUny is like a family that welcomes everyone, creating unity and understanding. Join us in making a blended community that values and enjoys the beauty of Caribbean culture. Let's make friends, have a blast, and celebrate togetherness at CaribUny!",https://lehman.campuslabs.com/engage/organization/caribbean_vibes
The Network for Stage & Screen Artists,"The Network for Stage & Screen Artists (Formerly known as The Lehman Film & Theatre Club) welcomes artists of all types (Actors, Directors, Singers, Writers, Musicians, Dancers, Animators, Photographers, etc.)We strive to create multiple production opportunities for students & alumni to build our portfolios, gain hands-on experience, build our network & maximize our¬†visual storytelling skills.",https://lehman.campuslabs.com/engage/organization/association-stage-screen-artists-film-theatre-club
Lehman Marketing Club,"The purpose of Lehman Marketing Club is... To empower students by learning marketing through hands-on experience with tools like Canva and social media, while gaining a deep understanding of the 4Ps of marketing (Product, Price, Place, Promotion) As we go, we‚Äôll explore how marketing agencies operate, develop skills through real-world projects, and continuously grow our knowledge as well as we go on.",https://lehman.campuslabs.com/engage/organization/lehmanmarketingclub
Leadership and Service Scholars,"The Leadership and Service Scholars are a selected group of students who play a leadership role on campus. Students who serve in student government, clubs and organizations, and students of the Center for Student Leadership development are invited to join.Student members will understand how to utilize their current roles as a stepping stone for further personal, academic and professional opportunities. We will provide advising, mentorship, skill building workshops, writing support, access to funding for research, graduate studies preparation, networking opportunities and more.",https://lehman.campuslabs.com/engage/organization/ls-scholars
Lehman Service,No Description Found,https://lehman.campuslabs.com/engage/organization/lehmanservice
Office of Wellness Education and Promotion,"What is Wellness?Wellness is the active pursuit of health and well-being. Being healthy is hard. Our health is impacted by all aspects of life, from our relationships, work, physical activity, food, and the environment. How we manage these factors and live a balanced lifestyle is what makes wellness so important for our personal health and wellbeing.Why Wellness?Being healthy is hard. Our health is impacted¬†by all aspects of life, from our relationships, work, physical activity, food, and the environment. College is demanding and we believe that students who are healthy,¬†engaged, resilient and empowered are better equipped to overcome the many challenges encountered during college.Our Services and Programs:Start your journey to better health! Our services are designed to help you become more healthy, engaged, resilient and empowered!Our services¬†include:WorkshopsWellness Coaching and AssessmentsAlcohol and Other Drug Prevention ServicesRelationship Education and Violence PreventionBreastfeeding Support ServicesWellness OutreachEvents and ActivitiesInternship and Volunteer OpportunitiesStudent Employment",https://lehman.campuslabs.com/engage/organization/lehman-wellness-program
Blueprint to Success (2nd Cohort),No Description Found,https://lehman.campuslabs.com/engage/organization/blueprint2ndcohort
Office of Veterans and Military Affairs,"The Office of Veterans and Military Affairs is committed to supporting the Lehman College‚Äôs VA student‚Äôs community in pursuit of their higher learning degree for their professional development by identifying, addressing, and advocating for their evolving needs. We do this by exceptional programming and mentorship ensuring compliance with College, University, and the Veteran Affair‚Äôs educational benefits regulations.Military Friendly School - 2019-2010 Award The Office of Veterans and Military Affairs office is a resource center for topics related to your VA benefits as well as your academic affairs. Our office supports Service members, Veterans and dependents in applying for and managing your VA Education Benefits. In addition to the VA benefits enrollment certification, we also serve as a centralized resource for inquiries about other VA benefits, including but not limited to: providing guidance in the resolution of VA payment issues; current and updated information regarding VA Education Benefits; points of contact at the VA; and keeping you informed of any changes that may impact your education benefits. We also provide programmed events throughout the academic year in order to provide opportunities for networking with fellow Veterans, the Lehman College‚Äôs community, and potential employers. We provide awareness and referrals to any internal/external resources in support of your evolving needs. We are heavily focused on building and strengthening camaraderie within the Lehman College‚Äôs VA student‚Äôs community.",https://lehman.campuslabs.com/engage/organization/officeveteransmilitaryaffairs
The Pre-Dental Club ,"This organization serves as a way to bring together students of common interest in dentistry. The pre-dental club provides a community feeling, benefits, and necessities such as meetings with dental providers, advice for dental school applications and undergrad period, a list and summary of dental schools with facts about various commonly known wonderings, networking opportunities, and a safe space for questions, suggestions, and opinions.",https://lehman.campuslabs.com/engage/organization/predentalclub
ASEZ - Save the Earth from A to Z,"ASEZ, or SAVE the Earth from A to Z, is an international group at Lehman College that consists of university student volunteers affiliated with the Church of God.¬† ASEZ strives to actively carry out diverse projects for the achievement of UN SDGs.Sustainable Development Goals (SDGs), are an agenda adopted by the United Nations in 2015 and a common goal of the international community for the sustainable development of humanity. Under the idea ‚ÄúLeave no one behind,‚Äù SDGs contains 17 goals, 169 targets, and 230 indexes that the UN Member States have agreed to implement by 2030.The word ‚ÄòSAVE‚Äô in ‚ÄòSAVE the Earth from A to Z‚Äô, is an acronym for Social service, Awareness raising, Victim relief, and Environmental protection. ASEZ participates and strengthens its ownership of the agenda to successfully establish sustainable communities in the college and in the Bronx as whole. ASEZ at Lehman College organizes services to welfare facilities in the neighborhood and promotes awareness on various SDGs. SDGs include but are not limited to crime reduction, poverty, equality, and environmental protection.ASEZ at Lehman College designs and implements activities through the following approaches:Formation of global cooperative efforts through world-wide movements and campaignsEducational programs and seminarsPartnerships with government agencies and officesCollaborations with communities in the Bronx as a whole and other colleges in NYC to achieve SDGs on the local level with Mother‚Äôs love.Like a mom who pays attention to her child who needs attention, and comforts¬†her child who needs comfort, we want to deliver Mother‚Äôs heartwarming love to¬†our neighbors in the world suffering from all sorts of disasters and troubles.College students are the future policy makers. ASEZ fosters the energy, talents, and ambition of Lehman College students to make lasting changes in accordance with UNSDGs. Through Bible studies, and frequent volunteer and campaign initiatives, ASEZ unites the passion and action of Lehman College students who cherish God‚Äôs love, to play a prominent role in contributing to our community through the UN‚Äôs SDGs platform.Log into use GingerLimited modeunite the passion and action of Lehman College students√ó",https://lehman.campuslabs.com/engage/organization/asez
AO.Lehman,No Description Found,https://lehman.campuslabs.com/engage/organization/aonyc
Obscura Literary and Arts Magazine,"Submission Guidelines for Obscura(Email all submissions and inquiries to Obscura.Magazine@lehman.cuny.edu)Obscura accepts work from currently enrolled students, alumni, and staff of Lehman College ONLY. We accept poetry, short stories, short plays, personal essays, and creative nonfiction. We also accept photography, prints, drawing, and photographic representation of other art work, such as paintings or sculptures. However, we do not accept op-ed pieces, current news stories, or other journalistic work.Format for all SubmissionsGeneral:Include a cover letter in proper business letter format addressed to:Editors, ObscuraLehman College-CUNYStudent Life Building, Room 202250 Bedford Park Blvd. WestBronx, NY 10468Must include the title of the work, a brief description of it, a one to two sentence bio, and contact information (name, email address, phone number)Each manuscript submitted should not have the author's/artist's information (all personal information should be in the cover letter).All pages must be numbered.FictionFormat: Typed; double-spaced; 1-inch margins; 12-point Times New Roman or Arial fontLength: maximum 5,000 wordsContent: open; must be original and unpublishedPoetryFormat: Typed; single-spaced; 1-inch margins; 12-point Times New Roman or Arial fontLength: maximum 5 poems per submissionContent: open, must be original and unpublishedArtShould be scanned or saved at a resolution of 300 dpi.If artwork does not belong to you it is your responsibility to obtain permission from the rightful owner(s).All work must be original and unpublished.*All work must be original and may not be previously published. By submitting your work, you are agreeing to these terms and are legally responsible for any misrepresentation on your part.",https://lehman.campuslabs.com/engage/organization/obscura
Africa Students Association,"All Lehman registered students are welcome to join ASA, a Cultural and Ethnic Club. This club was created to bring¬†together communities of the African diaspora. We are here to introduce the Lehman campus community to African cultural diversity and awareness, to support our beliefs and traditions, and to familiarize ourselves with current American social and economic challenges that affect African students and community achievement.",https://lehman.campuslabs.com/engage/organization/lehmanasa
"SEAMLeSS, a Title V Program ","SeamlessEducationalAdvancement toMaximizeLehmanStudentSuccess (SEAMLeSS Program) is a U.S. Department of Education Title V Grant under the HSI Division of Developing Hispanic Institutions. Housed under the School of Health Sciences, Human Services, and Nursing; our aim is to support student success in their academic and after Lehman career journey.SEAMLeSS aims to help support students at Lehman College in achieving their college goals by providing students with paid internship on campus, supportive academic coaching, and necessary professional hard and soft skills. SEAMLeSS also looks to invest in student's long term personal success by offering life skills learning opportunities in areas like personal finance, career development tools, and post-graduation success planning.If you are interested or looking for more information about eligibility, requirements, etc. email the SEAMLeSS Project Administrative Coordinator Milagros Tejada atmilagros.tejada@lehman.cuny.eduor the Project Director Jonah Dill-D'Ascoli atjonah.dilldascoli@lehman.cuny.edu",https://lehman.campuslabs.com/engage/organization/seamless-hs2n
School of Arts and Humanities ,"Mission, Vision & ValuesMissionLehman College's School of Arts and Humanities mission is to make a significant contribution to the larger institutional mission to provide students with an excellent undergraduate and graduate liberal arts education because being broadly educated is a primary attribute of leading a successful life.VisionThe school's vision is for the collective academic departments to offer outstanding quality undergraduate and graduate degree programs, minors, and courses in Africana Studies; Art; Dance and Theatre; English; History; Journalism and Communication; Languages and Literatures; Latin American, Latino, and Puerto Rican Studies; Music; and Philosophy.ValuesWe value instilling students with employer valued critical thinking, problem solving, creativity, and collaboration skills¬†within the context of our faculty designed degree programs, minors and courses.",https://lehman.campuslabs.com/engage/organization/schoolofartsandhumanities
National Student Speech Language and Hearing Association,"The purpose of the National Student Speech Language and Hearing Association-Lehman Chapter Club is to inform undergraduate and graduate students about the various opportunities this field has to offer. Through lectures, dinners, co-sponsored events and fundraisers, the club offers hands-on experiences to Speech-Language Pathology and Audiology students.",https://lehman.campuslabs.com/engage/organization/nationalstudentspeechlanguagehearingassociationlc
African Nursing Students Association - Lehman Chapter,The African Nursing Student Association welcomes all cultures and ethnic backgrounds.The African Nursing students Association also known as ANSA welcome all cultures and ethnic backgrounds. Our mission is to provide an educational awareness and to encourage more African students to remain focused and to become nurses.,https://lehman.campuslabs.com/engage/organization/africannursingstudentsassociationlc
Minority Association of Pre-Health Students,"The Minority Association of Pre-Health Students (MAPS) is committed to supporting current and future underrepresented minority pre-health students, and addressing the needs of the underserved Bronx community.",https://lehman.campuslabs.com/engage/organization/maps
Career Exploration & Development Center,"MissionThe Career Exploration & Development Center (CEDC) assists Lehman students and alumni with all phases of their career development, to help them transition from college to career. This includes career exploration and counseling, deciding on a major, employer connections and internships.¬† We strive to provide the highest standards of comprehensive and specialized services so that students may successfully meet the challenges of a globally competitive job market.Office HoursMonday 9:00am ‚Äì 5:00pmTuesday 9:00am ‚Äì 8:00pm *Wednesday 9:00am ‚Äì 8:00pm *Thursday 9:00am ‚Äì 8:00pm *Friday 9:00am ‚Äì 5:00pmSaturday 10:00am ‚Äì 2:00pm ** Extended hours available only when classes are in sessionContact UsShuster Hall, Room 254Phone: 718.960.8366Email:career.services@lehman.cuny.edu",https://lehman.campuslabs.com/engage/organization/cedc
Lehman Latinx Medical Student Association (PLUS),No Description Found,https://lehman.campuslabs.com/engage/organization/lehmanlmsa
Club Curls,"Our club is about awareness, education, and encouragement with textured hair. We‚Äôll be creating a community where we all will be sharing tips and methods for our hair. While also educating and spreading awareness about hair discrimination that is prevalent society.",https://lehman.campuslabs.com/engage/organization/clubcurls
Seekers Christian Club,"Our mission is to show the love of Jesus and live out His teachings as believers. As fellow students who understand how hellish life can be, we know how real pain is and just how great it can be¬†‚Äî we have found that the hope found in Jesus is greater.¬†You are loved. Come join us, let's be friends!",https://lehman.campuslabs.com/engage/organization/seekerschristianclub
Nursing Students Association,The Mission of the Nursing Students Association is to unite all students interested in pursuing nursing as a career and to enable socialization and communication of these students as well as the community at large. NSA provides mentor-ship services to newly enrolled nursing students to help guide students with the curriculum. The NSA also encourages development of professional leadership in nursing as well as health promotion services. All currently enrolled students who are interested in nursing are eligible for membership in the organization and must be in good standing with Lehman College.,https://lehman.campuslabs.com/engage/organization/nursingstudentsassociation
Lehman Crystal Queer ,"This club is meant to cultivate a safe, inclusive space for the diverse community at Lehman College. Specifically, this club will address issues relating to students who identify as Queer, LGBTQIA, gender non-conforming. Our mission is to interact with the student body via forum-like meetings, where students and members can come to experience a sense of community amidst their fellow students and professors.",https://lehman.campuslabs.com/engage/organization/lehmancrystalqueers
Lehman Gaming Club,No Description Found,https://lehman.campuslabs.com/engage/organization/-gamingclub
SGA's Committee for Co-Curricular Development,"What is the Purpose of the Club Committee? ¬†As noted in its bylaws...It shall be responsible for the disbursement of funds to the duly registered clubs and organizations on campus and shall make provisions for these groups to gain access to funding by establishing clear guidelines and regulations it deems necessary for such student groups to achieve that end.¬† In doing so, Co-curricular Committee shall be accountable for theevaluation of the nature of events, programs, initiatives and ventures sponsored by campus clubs, organizations and student groups that require financial backing. It shall also be responsible to promote cosponsored events in order to reduce the amount of reduplicated eventsIt shallstrive to address the concerns of registered clubs and organizations that contribute to the diversity of the Lehman College experience.It shall work with campus clubs, organizations and student groups in order to provide support and promote leadership training whenever possible.It shall investigate ways and means of increasing the funds of Co-Curricular Committee organization and pursue meaningful ways of raising revenue to achieve fundraising goals",https://lehman.campuslabs.com/engage/organization/ccd
Blueprint to Success (Cohort 4) ,The Blueprint to Success (BTS) initiative is a comprehensive roadmap of support services open to all Lehman College students. BTS is organized under five themes. A digital badge will be awarded for completing each theme through Credly. All offerings are promoted and tracked throughClub Central.The five themes are listed below:1. Pre-first year/semester (Bridge)2. First-year/semester (Engagement)3. Second-year/semester (Pathways)4. Third-year/semester (Achievements)5. Fourth-year/semester (Mobility),https://lehman.campuslabs.com/engage/organization/blueprint-to-success-cohort-4
Lehman College Nutrition Club,"The primary mission of the Lehman College Nutrition Club (LCNC)¬†is to provide networking, volunteer, and other¬†opportunities to students majoring in Dietetics, Foods & Nutrition (DFN) by helping them explore plant based foods to help them become healthier and conducting onsite educational/informational sessions in order to enrich and supplement their in-class learning.¬†In addition, LCNC¬†seeks to provide DFN students with hands-on experience in sharing their classroom knowledge with the Lehman community through interactive faculty and student events and guest speaker programs.",https://lehman.campuslabs.com/engage/organization/lehmancollegenutritionclub
EMPOWER-U,"EMPOWER -U is a representative organization that creates leaders and nurtures their talents and interests, especially in art and entrepreneurship. We advocate for and on behalf of all students, Moreover, We provide guidance and mentorship to students, helping them realize their full potential and become entrepreneurial in pursuing their career aspirations through services such as:Workshops on entrepreneurship in the arts.Networking events with industry professionals.Artistic skill-building workshops and exhibitions.Career counseling and resume-building workshops.Access to resources and funding opportunities for art-related projects.EMPOWER -U is a representative organization that creates leaders and nurtures their talents and interests, especially in art and entrepreneurship. We advocate for and on behalf of all students, Moreover, We provide guidance and mentorship to students, helping them realize their full potential and become entrepreneurial in pursuing their career aspirations through services such as:Workshops on entrepreneurship in the arts.Networking events with industry professionals.Artistic skill-building workshops and exhibitions.Career counseling and resume-building workshops.Access to resources and funding opportunities for art-related projects.",https://lehman.campuslabs.com/engage/organization/empower-u2023
The S-STEM Club,"This club is a dedicated place for Lehman students with an interest in STEM, Science Technology Engineering and Math. The club is associated with the S-STEM program at Lehman, which is funded by the National Science Foundation. The club meets regularly to discuss STEM research, job opportunities, and opportunities for community service. We aim to educate ourselves and others in the Lehman community by exposing students to the beauty of science.",https://lehman.campuslabs.com/engage/organization/s-stem
Students for Justice in Palestine,No Description Found,https://lehman.campuslabs.com/engage/organization/sjpalestine
Black Legacy,"Black Legacy is a political organization that seeks to organize and mobilize the Pan-African communities both on campus and in our communities at large, in order to engage in our struggle for human rights and self-determination.",https://lehman.campuslabs.com/engage/organization/blacklegacy
Lehman College Food Pantry,"Lehman‚Äôs Food Pantry strives to provide the Lehman student population with nutritional support. The food pantry was born as an initiative of the students of the Herbert H. Lehman Center for Student Leadership Development Advanced Class of Fall 2014. To participate in the services that the pantry offers, join our:1) currently active service registration:https://lehman.edu/student-leadership/lehman-food-bank.php2) currently inactive service booking site at:https://lehmanfoodbank.setmore.com/Do not request to join the Campus Link membership for the pantry because we are an office, not a club so no need to join. Just register for the service at the active link above.Follow us on social media for announcements as well.",https://lehman.campuslabs.com/engage/organization/food-pantry
Chess club,"We, the members of the Chess Club, aim to promote the game of chess, foster friendship and sportsmanship, and provide an inclusive and enriching environment for chess enthusiastsNosotros, los miembros del Club de Ajedrez, tenemos como objetivo promover el juego de ajedrez, fomentar la amistad y el esp√≠ritu deportivo y brindar un ambiente inclusivo y enriquecedor para los entusiastas del ajedrez.",https://lehman.campuslabs.com/engage/organization/chessclub
The Lehman Dance Ensemble ,"The Lehman Dance Ensemble is a club at Lehman College, and our mission is to make dance accessible to everyone, regardless of experience or background. Our club offers monthly workshops in various styles, from contemporary and hip-hop to ballet and cultural dances, ensuring there's always something new and exciting to learn. Join us at the Lehman Dance Ensemble to explore the art of dance, connect with fellow enthusiasts, and be part of a welcoming and diverse dance family.",https://lehman.campuslabs.com/engage/organization/lehmandanceensemble
Social Work Club,"To build peer mentorship where we will grow and support one another while immersing in diversity dialogues.To practice your leadership and social work skills by discussing practices that advance social, economic, and environmental justice.To leave a foundation and legacy for future social work students at Lehman.To receive support from the Social Work Club‚Äôs Advisor.",https://lehman.campuslabs.com/engage/organization/socialworkclub
The Biology Club of Lehman College,"The mission of the Lehman Biology Club is to unite students at Lehman college that share an interest in Biology beyond the class. We want to build a community that provides networking opportunities, scholarships, internships, and even help with schoolwork. We are more than just a club, we are a family. The biology club is open to every Lehman student. Join today to create lasting memories!",https://lehman.campuslabs.com/engage/organization/lcbiologyclub
The Francophone Club ,"The French Club welcomes and promotes an interaction between all Lehman College students interested in Francophone cultures and the French language. Social gatherings aim to help students practice French in a community of other Francophone students at Lehman, and people all around the city.We encourage you to relieve yourself from stress and have fun socializing with people from school and all over the city, and to have some fun by joining the French Club!",https://lehman.campuslabs.com/engage/organization/thefrenchclub
Lehman Crown and Beyond,"The beauty pageant club is a celebration of poise, confidence, and individuality. Members engage in activities such as perfecting their walk, building public speaking skills, and participating in community service. The crowning moment is a highlight, symbolizing
 grace, achievement, and the hard work of contestants. The club also fosters friendships, self-expression, and the development of personal goals, making it more than just about the crown‚Äîit‚Äôs about growth and empowerment",https://lehman.campuslabs.com/engage/organization/http
Mycology Club,"The mycology club is dedicated to the exploration of mushroom growing. We will learn about growing techniques, grow our own mushrooms and cook and eat what we grow. We will hold a workshop led by Chef Mario Landaverde and learn how to cook the different mushrooms that we grow.",https://lehman.campuslabs.com/engage/organization/mycology
Herbert H. Lehman Center for Student Leadership Development,"The Herbert H. Lehman Center for Student Leadership Developmenthelps students develop their potential as leaders through a comprehensive program of mentoring, skills-building workshops, team-building activities, retreat and community service.¬† Participants will also have the opportunity to demonstrate their personal growth on and off campus-in real-world settings where you can make a difference in people‚Äôs lives.The Center provides workshops, retreats and group discussions to help students:‚Ä¢¬†¬† Explore the basics of different leadership styles and theories‚Ä¢¬†¬† Examine the Social Change Model of Leadership Development‚Ä¢¬†¬† Identify personal leadership practices and how to use them effectively‚Ä¢¬†¬† Incorporate ethics and integrity into principles of management‚Ä¢¬†¬† Develop the skills necessary for empowering and motivating a group‚Ä¢¬†¬† Embrace diversity as a core principle of leadership‚Ä¢¬†¬† Integrate community service into the overall concept of leadership development‚Ä¢¬†¬† Identify ways in which leaders can manage stress and balance work-life responsibilities‚Ä¢¬† Develop a personal approach to effective leadershipLeadership-Track #1 ProgramTrack #1 begins by helping students examine their responsibilities and expectations as a student at Lehman College.¬† Over the course of the semester, participants will start to acquire specific skills to achieve their short-term and long-term goals.¬† Through group discussions, journal assignments, readings and community service experience, students experience firsthand the impact leadership can have on their lives and the lives of those around them.¬† Together, students will explore a number of topics such as:*Understanding Leadership: What Is It? Why Is It Important? How Do You Get Started?*Choosing the Right Way: Ethics and Integrity in Leadership*Keeping It Together: Increasing, Empowering and Motivating Membership*Leadership and Diversity: Understanding and Appreciating the Differences That Unite Us*Building A Better Tomorrow: Making A Difference Through Service*Running On Empty: Maintaining the Mind, Body and Soul of a Leader*So What‚Äôs Next? Knowing Where You Are and Where You Want To GoLeadership-Track #2 ProgramStudents who successfully complete Track #1 and are looking for a deeper understanding of their own leadership potential are eligible to move on to the Track #2 Program, where we begin to examine the concept of ‚Äúshared leadership.‚Äù¬† With a greater emphasis on community service and mentoring, students have a number of opportunities to apply their knowledge and skills as leaders.¬† Over the course of the semester, participants in the Track #2 Program will help to educate a new group of student leaders and, at the same time, give back to Lehman College and their community.The ‚ÄúA+‚Äù ProgramThe ‚ÄúA+‚Äù Program consists of stand-alone workshops aimed at key topics in leadership.¬† The workshops are open to all members of the Lehman College, and utilize of combination of case studies, role play and small group activities to explore each topic.¬† Past topics have included: effective communications; running better meetings; team-building; financial manage",https://lehman.campuslabs.com/engage/organization/herberthlehmancenterforstudentleadershipdevelopment
 The School of Education at Lehman College ,"The School of Education (SOE) badge provides information and learning experiences related to careers in education. Prospective education students learn about teaching opportunities, academic major and education minor program pathways, support programs, and certification requirements to become successful teachers.Lehman Urban Transformative Education (LUTE)Education holds the transforming power - of individuals and society. Our efforts to educate are shaped by the SOE Lehman Urban Transformative Education core purposes:¬∑ to understand difference and diversity as foundations for learning and teaching;¬∑ to work collaboratively to create ideas that incorporate and/or represent multiple perspectives;¬∑ to create a place where human relationships are valued and nurtured;¬∑ to create an environment that is responsive to change and needs.Our mission is to facilitate the development of competent, caring, qualified educators.How to earn the School Of Education Engagement Badge, instructions for students:In order to earn the School of Education (SOE) Engagement badge, students must attend 4 out of 7 SOE events between August 28th, 2024 - May 22nd, 2025.*Earned badges can be added to your LinkedIn profile and your resume*How to add your badge to your resume:CertificationsSchool Of Education Blueprint To Success Engagement Badge, Lehman College¬† ¬† ¬† ¬† ¬† ¬† ¬† ¬† ¬† ¬† ¬† ¬† ¬† ¬† ¬† ¬† ¬† ¬† ¬† DateNeed help with your resume?Career Exploration & Development Center-Shuster Hall, Room 254.Phone: 718-960.8366¬† ¬† ¬†Email: career.services@lehman.cuny.eduGet help with: Personalized career counseling; R√©sum√© and cover letter assistance; Workshopson interviewing, job-search strategies, networking; Internship, community service, and servicelearning opportunities. @lehmancareersExperiential Learning Portal‚Äì Internships, Jobs, and Life-Long Learning Opportunities",https://lehman.campuslabs.com/engage/organization/theschoolofeducation
Financial Learning Group ,"We hold weekly meetings to explore various financial services and present them to our new members. We also invite guest speakers, both in person and online, to delve deeper into the topics we've discussed, providing additional insights. Our primary goal is to introduce our members to a wide range of financial services and products, including budgeting, savings, investing, retirement planning, and more. We aim to help them become more confident in discussing these topics, ultimately equipping them with the knowledge to achieve wealth and financial independence.¬†Our club is excited to introduce a new topic of discussion:Fundamental Analysis. This addition will expand our regular meetings, adding an extra day dedicated to exploring the principles of analyzing a company's financial health, competitive advantages, and overall market potential. Fundamental analysis is a crucial skill for anyone interested in investing, as it involves evaluating financial statements, industry conditions, and economic factors to determine a company's intrinsic value. By mastering this topic, our members will gain a deeper understanding of how to make informed investment decisions, further empowering them on their journey to financial independence. FLG will now have two meeting days a week, and possibly more depending on collaborations with other clubs. FLG currently has 12 board members and is planning on adding more.",https://lehman.campuslabs.com/engage/organization/flg
The Music Club,"Our aim is to create a serene environmental atmosphere of relaxation through music, to entertain, network and enhance social cohesion among the student body as well as providing a practice space for students on campus.",https://lehman.campuslabs.com/engage/organization/themusicclublc
Association of Latino Professionals For America,"ALPFAstands for Association of Latinos Professionals For America. ALPFA is the largest Latino association for professionals and students.ALPFA Lehman develops high-achieving individuals to lead in all professional industries. Since 2006, the Lehman College ALPFA chapter has striven to continue working towards the organization's mission. Through our relationship, skill, and talent-building events, workshops, and programs, we focus on helping the ambitious students at Lehman College achieve their goals. We aim to be the premier professional development organization for students of every personal and professional background and aspiration.How do I join a Student Chapter?Start by Filling out this form:ALPFA Lehman New Member Sign-up FormReach out to any board member belowJoin our Club Central Page by clicking join at the top of the pagePlease get in touch with our Director of Membership,Diego Romero,and Co-director of membership, Mostakin Miah,if you have any membership-related questions.Board MemberKelly Pillcorema- Kpillcorema.alpfalc@gmail.com (President)Adrian Lucero -Alucero.alpfalc@gmail.com (Vice-President)Rion Montgomery -Rmontgomergy.alpfalc@gmail.com (Treasurer)Kevin Perez -Kperez.alpfalc@gmail.com (Secretary)Justin Mendy-Jmendy.alpfalc@gmail.com (Professional Development)Jahtoya¬†Spence -Jspence.alpfalc@gmail.com (Professional Development)Franklin Perez- Fperez.alpfalc@gmail.com (Director of Marketing)Diego Romero-Dromero.alpfalc@gmail.com (Director of Membership)Eileen Mazariegos -Emazariegos.alpfalc@gmail.com (Director of Events)Alfredo Rosario -Arosario.alpfalc@gmail.com (Director of IT)Daniel Santana -Dsantana.alpfalc@gmail.com (Director of Fundraising)Felix Santos -Fsantos.alpfalc@gmail.com (Director of Community Outreach)Wilkanya Gonzalez -Wgonzalez.alpfalc@gmail.com (Co-Director of Marketing)Lorelys Alvarez -Lalvarez.alpfalc@gmail.com (Co-Director of Marketing)Mostakin Miah -Mmiah.alpfalc@gmail.com (Co-Director of Membership)Altagracia Fernandez -Afernandez.alpfalc@gmail.com (Co-Director of Events)Molly Varillas -Mvarillas.alpfalc@gmail.com (Co-Director of Fundraising)",https://lehman.campuslabs.com/engage/organization/alpfa
The Economics Club,"The purpose of the Economic club at Lehman College is to create a deeper connection among Economic students and professors, to foster a community-like atmosphere and cultivate comradery as well as to create a network for students, alumni and professors.
 It aims to create a fun environment for students (all majors welcomed) to learn about Economics.",https://lehman.campuslabs.com/engage/organization/economicsclub
Mexican Student Society,The Mexican Student Society is a student-led club working closely with the Mexican Studies Institute in pursuit of decreasing the educational attainment gap within the Mexican community. We aim to cultivate a sense of community to support and empower one another throughout our college journey.,https://lehman.campuslabs.com/engage/organization/mexican-student-society
"School of Health Sciences, Human Services and Nursing (HS2N)","About the SchoolWelcome to the School of Health Sciences, Human Services and Nursing (HS2N) at Lehman College of the City University of New York.HS2N promotes community partnerships and experiential learning opportunities for our students with long-standing collaborations with exceptional hospitals and community-based organizations throughout the Bronx, New York City, and beyond.Health is the largest source of jobs in the United States. Of the 10 jobs that theBureau of Labor Statisticsprojects will see the fastest percent growth from 2016-2026, five are in health care and elderly assistance.Students in HS2N programs are well positioned to enter the health care and human services workforce in a variety of roles. I welcome you to explore our six departments and below are the chairs of each of our departments.Mission StatementThe mission of the School of Health Sciences, Human Services, and Nursing (HS2N) is to educate the next generation of leaders in the health sciences, human services, and nursing. We aim to prepare health care professions that promote and improve the health and well-being of individuals, families, groups, and communities in a diverse global society, with special emphasis on urban populations. Our mission is reflective of the mission of Lehman College at City University of New York in that HS2N graduates are:Educatedas health service administrators, exercise scientists, health educators, nutritionists and registered dietitians, recreation and therapeutic recreation educators, registered nurses and advanced practice registered nurses, social workers, and speech language pathologists who are confident, ethical and independent thinkers who are culturally sensitive to the needs of the citizens in our local and regional communities; andEmpoweredas expert thinkers in their discipline, adept at facilitating local, national, and global health-care access; andEngagedas informed and prepared citizens and professionals to work with underserved urban communities and populations, addressing any and all challenges affecting the health and welfare of individuals and communities by using communication tools that speak to our diverse local and urban communities.HS2N 90x30 PledgeHS2N‚Äôs students, faculty, and staff pledge commitment to:Health equity and wellbeing of the citizens in the Bronx and beyond; andData-driven advocacy and programs that promote social and environmental justice policies within and across our region, with and for the citizens of the Bronx and beyond; andConducting research designed to further our ability to understand and enhance health and wellness of the community and beyond.",https://lehman.campuslabs.com/engage/organization/school-of-health-sciences-human-services-and-nursing-hs2n-
The Medical SLP Alliance,"The Medical SLP Alliance is for those interested in medical topics within speech-language pathology. The objective of the club is to expose interested students to nuanced medical topics through guest speakers, discussion panels and enriching club events.",https://lehman.campuslabs.com/engage/organization/medical_slp_alliance
"The School of Health Sciences, Human Services & Nursing at Lehman College ","The mission of the School of Health Sciences, Human Services, and Nursing (HS2N) is to educate the next generation of leaders in the health sciences, human services, and nursing. We aim to prepare healthcare professions that promote and improve the health and well-being of individuals, families, groups, and communities in a diverse global society, with special emphasis on urban populations. Our mission is reflective of the mission of Lehman College at City University of New York in that HS2N graduates are:Educatedas health service administrators, exercise scientists, health educators, nutritionists and registered dietitians, recreation and therapeutic recreation educators, registered nurses and advanced practice registered nurses, social workers, and speech-language pathologists who are confident, ethical, and independent thinkers who are culturally sensitive to the needs of the citizens in our local and regional communities; andEmpoweredas expert thinkers in their discipline, adept at facilitating local, national, and global healthcare access andEngagedas informed and prepared citizens and professionals to work with underserved urban communities and populations, addressing any and all challenges affecting the health and welfare of individuals and communities by using communication tools that speak to our diverse local and urban communities.HS2N 90x30 PledgeHS2N‚Äôs students, faculty, and staff pledge commitment to:Health equity and well-being of the citizens in the Bronx and beyond; andData-driven advocacy and programs that promote social and environmental justice policies within and across our region, with and for the citizens of the Bronx and beyond, andConducting research designed to further our ability to understand and enhance the health and wellness of the community and beyond.",https://lehman.campuslabs.com/engage/organization/theschoolofhealthsciences
Basic Needs Center,"Welcome to the¬†Basic Needs CenterThe Lehman College Basic Needs Center provides essential resources to help students address challenges and flourish in and outside of the classroom.What are Basic Needs (BN)?We define Basic Needs as the essential resources that impact one‚Äôs health, sense of belonging, persistence, and overall well-being related to:Food InsecurityStable HousingFinancial SustainabilityTransportationQuality HealthcareMental Health & WellnessAdvocacySocial JusticeCareer ClosetThe Basic Needs Center, centralizes and streamlines access to many of the existing supports and services available to all Lehman College students. The Center connects students to essential services including:Food PantryBasic Needs Support Grants (including Emergency Grants)Student Device Loaner ProgramCampus LifeCareer Exploration and Development CenterChildcare CenterCounseling CenterStudent Disability ServicesStudent Health CenterUrban Male Leadership ProgramVeterans and Military AffairsWellness Education and Promotion",https://lehman.campuslabs.com/engage/organization/student-affairs-cares
Muslim Students Association,"MSA is a Muslim organization at Lehman College. It exists as a social group for the Muslim students to maintain their faith, pray, and share their spiritual knowledge with other fellow members, and for non-Muslims to better understand the beauty of the religion. MSA events will be held to promote a better understanding of Islam and to form a unity among all students at Lehman College. Look out for these upcoming social events.¬†Look us up on Facebook (Lehman MSA) and join us in our room in the Student Life Building Room 215 to learn more.",https://lehman.campuslabs.com/engage/organization/msa
URBAN UNITY LEHMAN,"The purpose ofURBAN UNITY LEHMAN is to unite and collaborate with allclubs' departments and organizations on Lehman Campus/CUNY to create a safespace for all CUNY students through events, workshops, and leadershiptrainings/activities. We plan to create and recruit more leaders for the bettermentand future of our campus community.",https://lehman.campuslabs.com/engage/organization/urbanunity
ColorStack x Computer Science Club @ Lehman College,"ColorStack x Computer Science(CSxCSC) unites technology enthusiasts on the Lehman campus, fostering a supportive community. Our mission is to support, empower, and celebrate leaders in technology. Addressing tech challenges, we inspire underrepresented students to explore opportunities in the field. CSxCSC promotes career growth through mentorship, community events, talks, workshops, and conferences, encouraging the pursuit of educational and professional paths in the dynamic realm of ColorStack x Computer Science.To learn more about our exciting collaboration with ColorStack, visithttps://www.colorstack.org/.",https://lehman.campuslabs.com/engage/organization/lehmancs
Google Developer Group - Lehman ,"Are you looking to connect with fellow students interested in technology? In partnership with Google, the Google Developer Group (GDG) at Lehman College is your place! We're a community for college and university students of all skill levels who want to learn about Google's developer technologies. From campus tours and networking events to hands-on workshops, Developer festivals, Hackathons, Trivia nights, and more, we offer a supportive environment to learn and grow together.",https://lehman.campuslabs.com/engage/organization/gdg-lehman
The Chemistry Club,"The purpose of the Chemistry Club is to grow in enlightenment and foster a learning environment for chemistry students to flourish; as well as to raise, stimulate, and promote awareness of the wonderful world of chemistry science! We plan to expand our club as an ACS chapter and SACNAS chapter at Lehman college. Our mission is to build a diverse community of students interested in chemistry and provide a communal learning space filled with wide range opportunities that will both aid us in networking expansion and promote chemistry students growth professionally.",https://lehman.campuslabs.com/engage/organization/chemistry_club
History Club,"The purpose of the History Club is to discuss topics about history, make friends who are interested in history, and create an environment where people can discuss history their interest in history and give advice to those who are unsure of what they want to pursue in history. Please feel free to email¬†lehmancollegehistoryclub@gmail.com if you're interested.",https://lehman.campuslabs.com/engage/organization/historyclub
Hana Maru Club (Ëä±‰∏∏),The purpose of the Hana maru (Ëä±‰∏∏) Club is to bridge a path for those who respect and wish to embrace and learn Japanese culture.,https://lehman.campuslabs.com/engage/organization/hanamaru
The Lehman Entrepreneurship Club,No Description Found,https://lehman.campuslabs.com/engage/organization/entrepreneurshipclub
